coach_id,name,gender,region,languages,years_experience,specialisms,methods,sector_experience,ws_directive_exploratory,ws_structured_flexible,ws_challenging_supportive,pers_open,pers_consc,pers_extra,pers_agree,pers_neuro,capacity,join_date,active,bio,leave_date
C0001,Marieke van den Berg,F,Utrecht,nl|en,10,zelfvertrouwen|balans werk/prive|stress,somatic,logistics,0.4665,0.2333,0.254,0.5859,0.8411,0.4707,0.7846,0.6596,5,2023-11-02,True,"Marieke van den Berg coacht in Utrecht met tien jaar ervaring op het gebied van zelfvertrouwen, balans tussen werk en privé, en stressmanagement. Zij werkt met somatische methoden, vooral gericht op professionals in de logistieke sector.",
C0002,Robert Jansen,M,Noord-Holland,nl|en,5,persoonlijk leiderschap|communicatie,systemic|cognitive,retail|public,0.1027,0.8529,0.5634,0.7834,0.8191,0.4072,0.5827,0.7372,8,2019-08-28,True,Robert Jansen is coach in Noord-Holland en helpt professionals met persoonlijk leiderschap en communicatie door systemische en cognitieve benadering. Met vijf jaar ervaring ondersteunt hij organisaties in retail en de publieke sector.,
C0003,Sandra Willems,F,Zuid-Holland,nl|en,7,stress,transactional-analysis|ACT,retail|zorg|public,0.2588,0.1179,0.1767,0.4377,0.6233,0.8159,0.3585,0.1649,7,2024-12-27,True,"Sandra Willems werkt in Zuid-Holland met zeven jaar ervaring op het gebied van stressmanagement. Zij combineert transactionele analyse en ACT en ondersteunt professionals in retail, zorg en de publieke sector.",
C0004,Petra de Vries,F,Noord-Holland,nl,9,zelfonderzoek|loopbaan,ACT,zorg,0.4899,0.4852,0.3407,0.4659,0.3149,0.6652,0.8973,0.9718,5,2016-10-22,True,Petra de Vries coacht in Noord-Holland met negen jaar ervaring en richt zich op zelfonderzoek en loopbaanontwikkeling in de zorg. Zij werkt volgens de ACT-benadering.,
C0005,Eline Vermeulen,F,Overijssel,nl,11,zelfonderzoek,solution-focused|cognitive,finance,0.4117,0.4279,0.2399,0.2765,0.4656,0.6171,0.559,0.1762,5,2022-05-10,True,Eline Vermeulen is coach in Overijssel met elf jaar ervaring in zelfonderzoek. Zij hanteert solution-focused en cognitieve methoden en begeleidt vooral professionals in de financiële sector.,
C0006,Nathalie Hendrix,F,Limburg,nl|en,11,persoonlijk leiderschap|stress|balans werk/prive,transactional-analysis,finance|public|zorg,0.3304,0.7021,0.5683,0.2956,0.5659,0.2811,0.3895,0.4191,8,2022-09-30,False,"Nathalie Hendrix coacht in Limburg en helpt professionals met persoonlijk leiderschap, stress en werk-privé balans. Met elf jaar ervaring en transactionele analyse als werkwijze, werkt zij in finance, publieke sector en zorg.",2025-12-31
C0007,Femke Rademaker,F,Gelderland,nl,9,persoonlijk leiderschap|zelfvertrouwen|leiderschap,transactional-analysis|solution-focused,finance|zorg,0.6749,0.9827,0.5001,0.9615,0.4404,0.3103,0.6041,0.1982,6,2022-10-19,True,"Femke Rademaker coacht sinds 9 jaar professionals in Gelderland die willen groeien in persoonlijk leiderschap en zelfvertrouwen. Zij werkt met transactional-analysis en solution-focused methoden, vooral in de finance en zorg.",
C0008,Sophie Hendriksen,F,Noord-Holland,nl,6,loopbaan,cognitive|solution-focused,public|tech,0.5498,0.4459,0.318,0.5059,0.1651,0.2126,0.588,0.3874,5,2020-07-11,True,Sophie Hendriksen begeleidt professionals in Noord-Holland bij loopbaanvragen met zes jaar praktijkervaring. Zij combineert cognitieve en oplossingsgerichte methoden en werkt vooral in de publieke sector en tech.,
C0009,Jeroen Willemse,M,Zeeland,nl|en,9,stress|leiderschap,systemic,public|consultancy,0.8224,0.3668,0.6464,0.6986,0.111,0.2679,0.8672,0.4394,8,2017-04-22,True,"Jeroen Willemse coacht in Zeeland professionals die worstelen met stress en leiderschapsvragen, met negen jaar ervaring. Hij werkt vanuit een systemische benadering, vooral in de publieke sector en consultancy.",
C0010,Anita Bos,F,Noord-Holland,nl|other,22,emotieregulatie|zelfvertrouwen,ACT,consultancy|finance,0.4331,0.2403,0.5184,0.3464,0.2182,0.104,0.8633,0.221,5,2024-01-23,True,"Anita Bos brengt 22 jaar ervaring mee in het coachen van professionals in Noord-Holland rond emotieregulatie en zelfvertrouwen. Zij werkt met Acceptance and Commitment Therapy, vooral in consultancy en finance.",
C0011,Marco Dijkstra,M,Zuid-Holland,nl,7,stress,solution-focused|ACT,finance|logistics,0.4694,0.2659,0.6659,0.2619,0.3109,0.9276,0.4371,0.7825,6,2015-10-15,True,"Marco Dijkstra coacht in Zuid-Holland professionals bij stressmanagement met zeven jaar ervaring. Hij combineert oplossingsgerichte coaching en ACT, vooral in de financiële sector en logistiek.",
C0012,Petra Goossens,F,Noord-Holland,nl|en,11,persoonlijk leiderschap|balans werk/prive,solution-focused|positive-psych,tech,0.7337,0.7379,0.4778,0.6221,0.0826,0.1883,0.151,0.7922,8,2021-12-21,False,"Petra Goossens werkt in Noord-Holland met elf jaar ervaring aan persoonlijk leiderschap en werk-privébalans. Zij hanteert oplossingsgerichte coaching en positieve psychologie, vooral in de tech-sector.",2024-12-31
C0013,Fiona Kuiper,F,Noord-Brabant,nl|en,12,persoonlijk leiderschap|communicatie,ACT|systemic|cognitive,tech,0.4835,0.6059,0.5678,0.5081,0.7506,0.81,0.1534,0.9627,7,2013-11-18,True,"Fiona Kuiper coacht in Noord-Brabant professionals in persoonlijk leiderschap en communicatie met twaalf jaar ervaring. Zij werkt met ACT, systemische en cognitieve benaderingen, vooral in tech.",
C0014,Evelien Meijer,F,Overijssel,nl|en,5,leiderschap,somatic|solution-focused|systemic,logistics,0.5137,0.4974,0.6606,0.5822,0.602,0.938,0.4655,0.8794,2,2025-11-28,True,"Evelien Meijer begeleidt in Overijssel leiderschapsontwikkeling met vijf jaar ervaring. Zij combineert somatische, oplossingsgerichte en systemische coaching, vooral in logistiek.",
C0015,Roeland van Dijk,M,Zuid-Holland,nl|en,10,zelfonderzoek,positive-psych,public,0.4549,0.4117,0.2812,0.3742,0.6131,0.6451,0.5481,0.6411,8,2021-11-09,True,"Roeland van Dijk coacht in Zuid-Holland professionals bij zelfonderzoek met tien jaar ervaring. Hij werkt vanuit positieve psychologie, vooral in de publieke sector.",
C0016,Stefan Vermeulen,M,Noord-Holland,nl|en,10,communicatie,systemic|transactional-analysis|solution-focused,zorg|retail|finance,0.8418,0.4973,0.4343,0.2368,0.3514,0.8161,0.5212,0.6927,6,2019-12-08,True,"Stefan Vermeulen biedt in Noord-Holland communicatiecoaching met tien jaar ervaring. Hij werkt systemisch, via transactionele analyse en oplossingsgerichte methoden, vooral in zorg, retail en finance.",
C0017,Liesbeth Janssen,F,Utrecht,nl|en,13,communicatie|zelfonderzoek,cognitive|positive-psych|systemic,consultancy,0.3482,0.67,0.3675,0.5536,0.2185,0.4773,0.6001,0.166,8,2013-04-05,True,"Liesbeth Janssen coacht in Utrecht professionals in communicatie en zelfonderzoek met dertien jaar ervaring. Zij combineert cognitieve, positief-psychologische en systemische benaderingen, vooral in consultancy.",
C0018,Ingrid Wouters,F,Zuid-Holland,nl|en,9,stress,systemic|solution-focused,finance,0.2828,0.6795,0.1819,0.249,0.702,0.3874,0.7552,0.3278,5,2015-11-14,True,"Ingrid Wouters werkt in Zuid-Holland met negen jaar ervaring aan stressmanagement. Zij hanteert systemische en oplossingsgerichte coaching, vooral in de financiële sector.",
C0019,Caroline Hermans,F,Utrecht,nl,21,loopbaan|loslaten,cognitive|ACT,retail|public,0.8617,0.7226,0.2742,0.6414,0.4395,0.8106,0.8475,0.3386,4,2023-01-12,True,"Caroline Hermans coacht in Utrecht professionals bij loopbaanvragen en loslaten met 21 jaar ervaring. Zij werkt via cognitieve en ACT-benaderingen, vooral in retail en publieke sector.",
C0020,Erik Pauwels,M,Noord-Holland,nl|en,4,balans werk/prive,cognitive|solution-focused,public|consultancy,0.4879,0.7081,0.5894,0.6957,0.3771,0.7243,0.7444,0.2883,7,2020-03-12,False,"Erik Pauwels begeleidt in Noord-Holland professionals bij werk-privébalans met vier jaar ervaring. Hij combineert cognitieve en oplossingsgerichte coaching, vooral in publieke sector en consultancy.",2024-12-31
C0021,Monique Baert,F,Zeeland,nl|en,6,stress,solution-focused,public|zorg|logistics,0.2033,0.4387,0.1007,0.164,0.6148,0.4018,0.343,0.2553,4,2019-05-06,True,"Monique Baert coacht in Zeeland professionals bij stressmanagement met zes jaar ervaring. Zij werkt oplossingsgericht, vooral in publieke sector, zorg en logistiek.",
C0022,Niels Verhagen,M,Groningen,nl,4,loopbaan|stress|samenwerken,ACT,public,0.4237,0.3015,0.422,0.1731,0.4523,0.5732,0.183,0.1657,4,2016-12-26,True,"Niels Verhagen begeleidt in Groningen professionals bij loopbaan, stress en samenwerking met vier jaar ervaring. Hij werkt vanuit ACT, vooral in de publieke sector.",
C0023,Daan Cools,M,Gelderland,nl|en,9,zelfonderzoek,ACT|positive-psych,public|zorg,0.8109,0.7501,0.1241,0.355,0.562,0.3063,0.1832,0.184,8,2024-05-27,True,"Daan Cools coacht in Gelderland professionals bij zelfonderzoek met negen jaar ervaring. Hij combineert ACT en positieve psychologie, vooral in publieke sector en zorg.",
C0024,Valerie Meerts,F,Noord-Holland,nl|en,12,assertiviteit|balans werk/prive,ACT|cognitive,retail|zorg|finance,0.7451,0.6036,0.5108,0.5617,0.9922,0.4135,0.6949,0.3084,3,2020-02-03,True,"Valerie Meerts werkt in Noord-Holland met twaalf jaar ervaring aan assertiviteit en werk-privébalans. Zij hanteert ACT en cognitieve benaderingen, vooral in retail, zorg en finance.",
C0025,Klaas Schouten,M,Utrecht,nl|en,15,zelfonderzoek|leiderschap|stress,solution-focused|cognitive,logistics,0.209,0.7315,0.8998,0.7244,0.5649,0.2684,0.3922,0.6327,6,2018-05-21,True,"Klaas Schouten coacht in Utrecht professionals in zelfonderzoek, leiderschap en stress met vijftien jaar ervaring. Hij werkt oplossingsgericht en cognitief, vooral in logistiek.",
C0026,Bart Leeuwen,M,Noord-Holland,nl|en,6,persoonlijk leiderschap,solution-focused|cognitive|systemic,tech|retail|public,0.9004,0.5555,0.5483,0.862,0.3507,0.1195,0.0449,0.3413,8,2019-08-13,True,"Bart Leeuwen begeleidt in Noord-Holland persoonlijk leiderschap met zes jaar ervaring. Hij combineert oplossingsgerichte, cognitieve en systemische coaching, vooral in tech, retail en publieke sector.",
C0027,Miriam Valkenburg,F,Noord-Holland,nl|en,9,stress|leiderschap,positive-psych|transactional-analysis|solution-focused,public|zorg|logistics,0.7225,0.3486,0.2922,0.304,0.3615,0.655,0.3233,0.4627,5,2020-08-28,True,"Miriam Valkenburg coacht in Noord-Holland met negen jaar ervaring professionals die worstelen met stress en leiderschap. Ze werkt met positive psychologie, transactionele analyse en oplossingsgericht coachen, vooral in de publieke sector, zorg en logistiek.",
C0028,Pieter Hoekstra,M,Zuid-Holland,nl,7,zelfvertrouwen,transactional-analysis|cognitive,tech|retail,0.5654,0.3852,0.2612,0.2862,0.675,0.3697,0.6847,0.9189,4,2022-05-12,True,Pieter Hoekstra helpt mensen in Zuid-Holland hun zelfvertrouwen op te bouwen door middel van transactionele analyse en cognitieve coaching. Hij heeft zeven jaar ervaring in tech en retail.,
C0029,Saskia Mertens,F,Overijssel,nl|en,10,leiderschap,cognitive|systemic,finance,0.8056,0.3846,0.0915,0.5882,0.661,0.3015,0.4598,0.5398,8,2023-10-18,True,Saskia Mertens begeleidt leidinggevenden in Overijssel met tien jaar expertise in leidershipontwikkeling. Ze combineert cognitieve en systemische werkwijzen met focus op de financiële sector.,
C0030,Annelies Bosman,F,Gelderland,nl|en,25,loopbaan,ACT|systemic|transactional-analysis,logistics|public,0.6333,0.7855,0.7545,0.1364,0.3171,0.703,0.2813,0.818,8,2014-08-11,False,"Annelies Bosman is een ervaren loopbaancoach in Gelderland met 25 jaar praktijk in logistiek en openbare diensten. Ze werkt met ACT, systemische en transactionele analyse.",2025-12-31
C0031,Marieke Hendrikx,F,Zuid-Holland,nl,6,communicatie|persoonlijk leiderschap|zelfonderzoek,solution-focused|transactional-analysis|ACT,consultancy|finance,0.456,0.5415,0.2301,0.6225,0.2639,0.7843,0.3074,0.43,4,2021-07-10,False,"Marieke Hendrikx coacht professionals in Zuid-Holland bij communicatie, persoonlijk leiderschap en zelfonderzoek met zes jaar ervaring. Ze werkt oplossingsgericht, met transactionele analyse en ACT in consultancy en finance.",2024-12-31
C0032,Petra Scholten,F,Utrecht,nl,7,zelfvertrouwen|stress,systemic|somatic,zorg,0.8326,0.4236,0.3889,0.7095,0.7492,0.7491,0.5368,0.4636,7,2017-11-13,True,Petra Scholten begeleidt mensen in Utrecht bij het vergroten van zelfvertrouwen en stressmanagement met zeven jaar ervaring. Ze combineert systemische en somatische benaderingen in de zorg.,
C0033,Robert Vrijland,M,Utrecht,nl|en,7,persoonlijk leiderschap,solution-focused|somatic,logistics|zorg|finance,0.7988,0.8358,0.407,0.7977,0.72,0.8831,0.8242,0.4881,8,2017-01-27,True,"Robert Vrijland coacht leidinggevenden in Utrecht aan persoonlijk leiderschap met zeven jaar ervaring. Hij werkt oplossingsgericht en somatisch met professionals in logistiek, zorg en finance.",
C0034,Maarten Jansen,M,Zuid-Holland,nl|en,4,communicatie|loopbaan,positive-psych,tech,0.3986,0.3769,0.3061,0.6958,0.4005,0.3779,0.5271,0.2926,8,2022-04-14,True,Maarten Jansen begeleidt tech-professionals in Zuid-Holland bij communicatie en loopbaanontwikkeling met vier jaar ervaring. Hij werkt vanuit positive psychologie.,
C0035,Erik Bloemen,M,Noord-Holland,nl|en,13,loopbaan,systemic|ACT,retail|finance|logistics,0.8117,0.8386,0.8404,0.6057,0.1788,0.1605,0.7239,0.5132,4,2020-04-25,True,"Erik Bloemen is loopbaancoach in Noord-Holland met dertien jaar ervaring in retail, finance en logistiek. Hij werkt met systemische benaderingen en ACT.",
C0036,Jeanette Vos,F,Noord-Holland,nl,26,balans werk/prive,systemic|cognitive,zorg|public|finance,0.5063,0.7151,0.5026,0.7183,0.0496,0.7812,0.7539,0.2942,8,2013-12-02,True,"Jeanette Vos coacht professionals in Noord-Holland bij werk-privébalans met 26 jaar ervaring in zorg, publieke sector en finance. Ze combineert systemische en cognitieve werkwijzen.",
C0037,Carla Vermeulen,F,Zuid-Holland,nl,10,zelfvertrouwen,solution-focused|ACT,finance,0.6713,0.846,0.8927,0.5946,0.5998,0.7571,0.7886,0.7298,7,2014-02-11,False,"Carla Vermeulen helpt professionals in Zuid-Holland hun zelfvertrouwen vergroten met tien jaar ervaring. Ze werkt oplossingsgericht en met ACT, met focus op de financiële sector.",2023-12-31
C0038,Dirk Zondervan,M,Zuid-Holland,nl|en,14,leiderschap,transactional-analysis,finance|consultancy,0.1797,0.1925,0.7856,0.7619,0.4747,0.0439,0.4491,0.3535,8,2013-08-04,False,Dirk Zondervan is een ervaren leiderschapscoach in Zuid-Holland met veertien jaar praktijk in finance en consultancy. Hij werkt met transactionele analyse.,2024-12-31
C0039,Elke Barendsen,F,Drenthe,nl|en,7,loopbaan|persoonlijk leiderschap,ACT|transactional-analysis|positive-psych,tech,0.1331,0.6227,0.7056,0.6828,0.5102,0.1664,0.4259,0.4166,6,2013-12-08,True,"Elke Barendsen begeleidt tech-professionals in Drenthe bij loopbaan en persoonlijk leiderschap met zeven jaar ervaring. Ze werkt met ACT, transactionele analyse en positive psychologie.",
C0040,Renée Wolters,F,Noord-Holland,nl|en,17,stress|zelfonderzoek,transactional-analysis,logistics|finance,0.3193,0.2023,0.8495,0.0746,0.8556,0.167,0.5987,0.5175,8,2020-10-26,True,Renée Wolters coacht professionals in Noord-Holland bij stress en zelfonderzoek met zeventien jaar ervaring. Ze werkt met transactionele analyse in logistiek en finance.,
C0041,Stefan Kuipers,M,Utrecht,nl|en|other,15,samenwerken,positive-psych|solution-focused,finance|consultancy,0.5887,0.5022,0.2799,0.0202,0.3167,0.513,0.4671,0.6139,6,2024-07-21,False,Stefan Kuipers begeleidt teams in Utrecht in samenwerking en groepsdynamiek met vijftien jaar ervaring. Hij werkt positief-psychologisch en oplossingsgericht in finance en consultancy.,2025-12-31
C0042,Ilse Groeneweg,F,Utrecht,nl|en,12,communicatie|leiderschap,transactional-analysis|positive-psych|systemic,zorg,0.6813,0.6221,0.3225,0.6745,0.5509,0.2905,0.5713,0.2196,5,2016-12-05,False,"Ilse Groeneweg coacht zorgprofessionals in Utrecht bij communicatie en leiderschap met twaalf jaar ervaring. Ze combineert transactionele analyse, positive psychologie en systemische benaderingen.",2024-12-31
C0043,Jeroen Schipper,M,Zuid-Holland,nl|en,13,communicatie,transactional-analysis|systemic,logistics|public|consultancy,0.6742,0.2932,0.3189,0.5976,0.5314,0.629,0.653,0.3248,8,2023-03-08,True,"Jeroen Schipper is communicatiecoach in Zuid-Holland met dertien jaar ervaring in logistiek, publieke diensten en consultancy. Hij werkt met transactionele analyse en systemische methoden.",
C0044,Tamara Nijland,F,Limburg,nl|en|other,6,persoonlijk leiderschap|communicatie|leiderschap,positive-psych|somatic|systemic,retail|tech,0.6699,0.6914,0.6963,0.446,0.2431,0.3078,0.6861,0.5402,8,2025-06-06,True,"Tamara Nijland begeleidt professionals in Limburg bij persoonlijk leiderschap en communicatie met zes jaar ervaring. Ze werkt positief-psychologisch, somatisch en systemisch in retail en tech.",
C0045,Michiel Schoonhoven,M,Noord-Holland,nl|en,3,assertiviteit|persoonlijk leiderschap,transactional-analysis|somatic|positive-psych,tech|logistics|finance,0.4727,0.6718,0.3003,0.6783,0.2885,0.7376,0.8299,0.9215,5,2020-02-23,True,"Michiel Schoonhoven coacht tech-, logistiek- en financeprofessionals in Noord-Holland aan assertiviteit en persoonlijk leiderschap met drie jaar ervaring. Hij combineert transactionele analyse, somatische en positive-psychologische werkwijzen.",
C0046,Francine Bredero,F,Noord-Holland,nl,20,communicatie,cognitive,finance,0.7065,0.6211,0.5189,0.4983,0.6646,0.7259,0.2003,0.6742,6,2022-02-02,False,Francine Bredero is een ervaren communicatiecoach in Noord-Holland met twintig jaar praktijk in de financiële sector. Ze werkt met cognitieve benaderingen.,2023-12-31
C0047,Marcel Vermeulen,M,Utrecht,nl|other,7,balans werk/prive|zelfonderzoek,cognitive,public,0.1034,0.0209,0.3358,0.6877,0.5,0.8366,0.3476,0.5814,8,2024-07-06,True,"Marcel Vermeulen coacht professionals in Utrecht met zeven jaar ervaring in het vinden van balans tussen werk en privé. Hij werkt cognitief en helpt cliënten door zelfonderzoek hun patronen beter te begrijpen, vooral in de publieke sector.",
C0048,Dirk Jansen,M,Noord-Holland,nl|en,7,communicatie|zelfvertrouwen,transactional-analysis,retail|zorg,0.3941,0.6312,0.2741,0.5092,0.4928,0.208,0.3544,0.5217,8,2018-01-22,False,Dirk Jansen ondersteunt in Noord-Holland mensen die aan hun communicatie en zelfvertrouwen willen werken. Met zeven jaar ervaring en transactionaalanalytische aanpak begeleidt hij professionals in retail en zorg.,2025-12-31
C0049,Pieter Groenewald,M,Noord-Holland,nl|en,10,samenwerken,cognitive|transactional-analysis,finance,0.3812,0.3011,0.0771,0.5136,0.251,0.6954,0.5991,0.404,8,2016-11-15,True,Pieter Groenewald helpt financiële organisaties in Noord-Holland met tien jaar ervaring het samenwerkingsproces te verbeteren. Hij combineert cognitieve en transactionaalanalytische methoden in zijn coaching.,
C0050,Sander Bosman,M,Noord-Brabant,nl|en,9,stress|loopbaan|zelfvertrouwen,transactional-analysis|ACT|cognitive,logistics|public,0.6525,0.3234,0.2403,0.4563,0.3574,0.5487,0.1931,0.2774,8,2024-05-10,True,"Sander Bosman coacht in Noord-Brabant professionals die kampen met stress, loopbaanvragen of zelfvertrouwenproblemen. Met negen jaar ervaring en een integrale benadering (transactionaalanalyse, ACT, cognitief) begeleidt hij mensen in logistiek en openbare sector.",
C0051,Renée Visser,F,Zuid-Holland,nl|en,10,leiderschap,solution-focused,zorg|public|tech,0.4772,0.4315,0.1307,0.5095,0.7709,0.2182,0.4614,0.1132,8,2015-12-23,True,"Renée Visser ondersteunt leidinggevenden in Zuid-Holland met tien jaar ervaring in het ontwikkelen van sterker leiderschap. Met solution-focused coaching werkt ze in zorg, publieke sector en tech.",
C0052,Wouter Hendrikx,M,Noord-Holland,nl|en,7,loopbaan|stress,systemic,retail,0.6647,0.5234,0.497,0.4562,0.6293,0.5064,0.3822,0.4299,8,2019-11-23,True,Wouter Hendrikx begeleidt in Noord-Holland professionals met loopbaan- en stressvragen op systemische wijze. Met zeven jaar ervaring richt hij zich vooral op retail.,
C0053,Robert Dekker,M,Flevoland,nl|en,7,stress,somatic,consultancy,0.7651,0.775,0.2719,0.8053,0.3653,0.5626,0.483,0.4627,8,2022-01-09,True,Robert Dekker helpt consultants in Flevoland stressreductie bereiken via somatische coaching. Met zeven jaar ervaring werkt hij lichaams- en geestgericht aan duurzame verandering.,
C0054,Anneke Wagenaar,F,Utrecht,nl,6,zelfonderzoek|balans werk/prive|samenwerken,transactional-analysis|ACT,finance|consultancy,0.4333,0.8314,0.778,0.5421,0.643,0.7771,0.4431,0.6368,8,2013-07-31,False,"Anneke Wagenaar coacht in Utrecht professionals in financiële en adviesbedrijven met zes jaar ervaring. Ze werkt aan zelfonderzoek, werk-privébalans en samenwerking via transactionaalanalyse en ACT.",2025-12-31
C0055,Henk Martens,M,Noord-Holland,nl,5,zelfvertrouwen|leiderschap,ACT|transactional-analysis|positive-psych,public,0.733,0.5221,0.3915,0.3994,0.521,0.5413,0.4967,0.1886,6,2016-01-14,True,"Henk Martens begeleidt in Noord-Holland ambtenaren die hun zelfvertrouwen en leiderschapskwaliteiten willen versterken. Met vijf jaar ervaring gebruikt hij ACT, transactionaalanalyse en positieve psychologie.",
C0056,Frans Scholte,M,Zuid-Holland,nl|en,10,persoonlijk leiderschap,ACT,public,0.3712,0.8854,0.857,0.5245,0.5858,0.6411,0.1958,0.3552,6,2013-06-19,True,Frans Scholte ondersteunt in Zuid-Holland publieke organisaties met tien jaar ervaring in persoonlijk leiderschap. Hij werkt via ACT en creëert daarin duurzame veranderingen.,
C0057,Ingrid Bakker,F,Noord-Holland,nl|en|other,8,leiderschap,cognitive|solution-focused|somatic,logistics|tech|finance,0.3653,0.565,0.3845,0.6959,0.4242,0.6754,0.4616,0.4523,6,2025-01-04,True,"Ingrid Bakker coacht leidinggevenden in Noord-Holland in tech, logistiek en finance met acht jaar ervaring. Ze combineert cognitieve, solution-focused en somatische methoden voor sterker leiderschap.",
C0058,Mieke Segers,F,Noord-Brabant,nl|en,15,stress|zelfonderzoek,cognitive|transactional-analysis,tech|finance,0.8708,0.6417,0.8459,0.6676,0.4865,0.4534,0.2058,0.5588,7,2021-12-22,True,Mieke Segers brengt vijftien jaar ervaring mee in het coachen van tech- en financiële professionals in Noord-Brabant. Ze werkt aan stressreductie en zelfonderzoek met cognitieve en transactionaalanalytische aanpak.,
C0059,Liesbeth Koster,F,Gelderland,nl,13,persoonlijk leiderschap,transactional-analysis|solution-focused|cognitive,consultancy,0.1167,0.5365,0.5926,0.3162,0.5249,0.7011,0.2649,0.287,6,2020-04-16,True,"Liesbeth Koster ondersteunt consultants in Gelderland met dertien jaar ervaring in persoonlijk leiderschap. Zij integreert transactionaalanalyse, solution-focused en cognitieve werkwijzen.",
C0060,Pauline Evers,F,Limburg,nl,6,loopbaan|stress|zelfonderzoek,solution-focused,zorg,0.9263,0.6853,0.4924,0.756,0.1424,0.3675,0.4376,0.6598,5,2018-06-29,True,"Pauline Evers coacht in Limburg zorgprofessionals met zes jaar ervaring in loopbaan-, stress- en zelfonderzoeksvragen. Ze werkt solution-focused en praktisch gericht.",
C0061,Anja Bossert,F,Gelderland,nl|en,9,loopbaan|assertiviteit|balans werk/prive,ACT|systemic|positive-psych,logistics,0.7502,0.3798,0.516,0.5922,0.5786,0.736,0.607,0.1506,7,2025-02-23,True,"Anja Bossert begeleidt in Gelderland logistieke professionals met negen jaar ervaring in loopbaan, assertiviteit en werk-privébalans. Ze combineert ACT, systeemwerk en positieve psychologie.",
C0062,Daphne Meertens,F,Noord-Brabant,nl,15,loopbaan|communicatie,systemic,retail|logistics,0.2839,0.6833,0.6223,0.1362,0.7253,0.6319,0.5745,0.3363,4,2025-04-06,True,Daphne Meertens coacht in Noord-Brabant retail- en logistieke bedrijven met vijftien jaar ervaring in loopbaan en communicatie. Zij werkt systeemgericht en integratief.,
C0063,Gerard Postma,M,Friesland,nl,19,persoonlijk leiderschap|stress,cognitive,tech,0.5414,0.4871,0.5729,0.2523,0.5083,0.2509,0.59,0.0696,5,2018-08-04,True,Gerard Postma brengt negentien jaar ervaring mee als coach voor technische professionals in Friesland. Hij helpt met persoonlijk leiderschap en stressbeheersing via cognitieve werkwijzen.,
C0064,Simone Ruit,F,Gelderland,nl|en,4,stress,solution-focused,tech|consultancy,0.5468,0.5404,0.4538,0.3372,0.5894,0.6613,0.1476,0.3356,5,2014-12-04,False,Simone Ruit begeleidt in Gelderland tech- en adviesbedrijven met vier jaar ervaring in stressreductie. Zij werkt solution-focused en compact.,2024-12-31
C0065,Bert Schroeder,M,Zuid-Holland,nl|en,11,communicatie,cognitive,zorg,0.1734,0.9605,0.4949,0.787,0.5139,0.5524,0.3994,0.9445,5,2013-07-16,True,Bert Schroeder coacht in Zuid-Holland zorgprofessionals met elf jaar ervaring in communicatie. Hij werkt cognitief en direct gericht op praktische verbetering.,
C0066,Jurgen Hendriks,M,Overijssel,nl|en,17,communicatie|zelfonderzoek,systemic|solution-focused,public,0.4603,0.8647,0.1,0.3712,0.4476,0.1786,0.1351,0.7436,8,2020-07-05,True,Jurgen Hendriks begeleidt in Overijssel publieke organisaties met zeventien jaar ervaring in communicatie en zelfonderzoek. Hij combineert systeemwerk en solution-focused coaching.,
C0067,Martine van der Berg,F,Noord-Brabant,nl|en,25,loopbaan|leiderschap,somatic|cognitive,finance,0.3124,0.4113,0.7924,0.6255,0.825,0.2819,0.3495,0.4537,3,2021-06-23,True,"Martine van der Berg coacht professionals in Noord-Brabant met 25 jaar ervaring in loopbaan- en leiderschapsvragen, vooral in de financiële sector. Zij werkt vanuit somatische en cognitieve benaderingen om duurzame verandering tot stand te brengen.",
C0068,Saskia Hendriksen,F,Noord-Holland,nl,8,zelfonderzoek|loopbaan,cognitive|transactional-analysis,consultancy|tech,0.383,0.4203,0.8844,0.0849,0.5682,0.1306,0.3248,0.5597,6,2018-03-24,True,Saskia Hendriksen begeleidt mensen in Noord-Holland bij zelfonderzoek en loopbaanvragen in consultancy en tech. Met 8 jaar ervaring werkt zij cognitief en via transactionaalanalyse aan helderheid en groei.,
C0069,Marco de Wilde,M,Zuid-Holland,nl|en,10,loslaten|persoonlijk leiderschap|balans werk/prive,somatic|systemic,finance|logistics|public,0.351,0.3148,0.5098,0.2634,0.4711,0.5301,0.7714,0.8376,4,2025-01-26,True,"Marco de Wilde coacht in Zuid-Holland professionals die willen loslaten, groeien in leiderschap en balans tussen werk en privé terugvinden. Met 10 jaar ervaring werkt hij somatisch en systeemgericht in finance, logistiek en publieke sector.",
C0070,Jeroen Bakker,M,Friesland,nl,5,zelfvertrouwen,transactional-analysis|systemic|solution-focused,consultancy|public,0.9,0.3982,0.7443,0.2647,0.9469,0.5604,0.3037,0.7224,8,2016-09-17,True,"Jeroen Bakker ondersteunt mensen in Friesland bij het ontwikkelen van zelfvertrouwen, vooral in consultancy en publieke sector. Met 5 jaar ervaring combineert hij transactionaalanalyse, systeemwerk en oplossingsgericht coachen.",
C0071,Pieter Meijer,M,Utrecht,nl|en,6,balans werk/prive|stress,transactional-analysis|positive-psych,consultancy|public,0.5246,0.3339,0.4537,0.2364,0.7603,0.8914,0.5443,0.6205,5,2017-08-01,False,Pieter Meijer helpt professionals in Utrecht balans tussen werk en privé te vinden en stressbelasting te verminderen. Met 6 jaar ervaring werkt hij in consultancy en publieke sector via transactionaalanalyse en positieve psychologie.,2025-12-31
C0072,Wouter Slaats,M,Gelderland,nl|en,15,communicatie|loopbaan|samenwerken,somatic,finance|tech,0.1317,0.4571,0.8452,0.3375,0.3915,0.1334,0.3778,0.5031,8,2015-06-27,False,"Wouter Slaats coacht in Gelderland op communicatie, loopbaan en samenwerking, vooral in finance en tech. Met 15 jaar ervaring brengt hij somatische coaching in praktijk voor duurzame professionele ontwikkeling.",2025-12-31
C0073,Anita Verhoeven,F,Utrecht,nl,10,persoonlijk leiderschap|stress,cognitive|transactional-analysis,finance|tech,0.6676,0.3252,0.3641,0.5585,0.1223,0.4392,0.293,0.2134,8,2021-03-22,True,Anita Verhoeven begeleidt professionals in Utrecht bij persoonlijk leiderschap en stressmanagement in finance en tech. Met 10 jaar ervaring werkt zij cognitief en via transactionaalanalyse aan innerlijke stabiliteit.,
C0074,Liesbeth Kuipers,F,Limburg,nl,14,loopbaan|persoonlijk leiderschap,cognitive|systemic,consultancy|retail,0.5607,0.5781,0.3179,0.4909,0.2773,0.4382,0.6962,0.8971,8,2024-08-14,True,Liesbeth Kuipers coacht in Limburg op loopbaan en persoonlijk leiderschap in consultancy en retail. Met 14 jaar ervaring combineert zij cognitieve en systeemgerichte methoden voor helderheid en groei.,
C0075,Dirk Huisman,M,Zuid-Holland,nl,16,zelfonderzoek,somatic|solution-focused,tech,0.459,0.3126,0.7306,0.7879,0.7567,0.6103,0.466,0.9037,7,2015-09-11,False,Dirk Huisman begeleidt tech-professionals in Zuid-Holland bij zelfonderzoek en persoonlijke ontwikkeling. Met 16 jaar ervaring werkt hij somatisch en oplossingsgericht aan dieper inzicht.,2025-12-31
C0076,Bas Vermeulen,M,Zuid-Holland,nl|en,11,zelfvertrouwen|stress,systemic|somatic,public|zorg|finance,0.4075,0.909,0.5711,0.5843,0.1762,0.5684,0.282,0.5927,6,2018-06-01,False,"Bas Vermeulen coacht in Zuid-Holland op zelfvertrouwen en stressreductie in publieke sector, zorg en finance. Met 11 jaar ervaring werkt hij systeemgericht en somatisch aan weerbaarheid en rust.",2023-12-31
C0077,Renée Jacobs,F,Zuid-Holland,nl|en,16,persoonlijk leiderschap|communicatie,somatic|systemic,tech,0.2196,0.7567,0.1471,0.1794,0.0739,0.5064,0.1941,0.3974,5,2016-09-19,True,Renée Jacobs begeleidt tech-professionals in Zuid-Holland bij persoonlijk leiderschap en communicatie. Met 16 jaar ervaring werkt zij somatisch en systeemgericht aan authentiek en effectief leiderschap.,
C0078,Sander Croon,M,Zuid-Holland,nl,6,persoonlijk leiderschap,transactional-analysis|somatic,finance|public,0.5213,0.6803,0.7713,0.9063,0.2891,0.7981,0.564,0.946,6,2014-08-04,False,Sander Croon coacht in Zuid-Holland op persoonlijk leiderschap in finance en publieke sector. Met 6 jaar ervaring combineert hij transactionaalanalyse en somatische coaching voor authentieke ontwikkeling.,2024-12-31
C0079,Edwin Peeters,M,Overijssel,nl,7,assertiviteit,ACT|somatic|positive-psych,tech|public|finance,0.7568,0.2725,0.6223,0.2113,0.5124,0.889,0.5135,0.6417,6,2015-11-10,True,"Edwin Peeters ondersteunt professionals in Overijssel bij het ontwikkelen van assertiviteit in tech, publieke sector en finance. Met 7 jaar ervaring werkt hij via ACT, somatische en positief-psychologische methoden.",
C0080,Guido Hartema,M,Zuid-Holland,nl|en,15,communicatie,solution-focused|positive-psych,logistics,0.4251,0.5274,0.6932,0.5061,0.426,0.3122,0.175,0.225,8,2023-02-13,True,Guido Hartema coacht in Zuid-Holland logistieke professionals op betere communicatie. Met 15 jaar ervaring werkt hij oplossingsgericht en vanuit positieve psychologie aan duurzame verbeterde samenwerking.,
C0081,Irene Damen,F,Utrecht,nl|en,8,persoonlijk leiderschap|communicatie,somatic|solution-focused,logistics|retail,0.6574,0.5402,0.4088,0.4958,0.6785,0.6368,0.8292,0.2481,8,2016-03-02,True,Irene Damen begeleidt in Utrecht logistieke en retail-professionals op persoonlijk leiderschap en communicatie. Met 8 jaar ervaring werkt zij somatisch en oplossingsgericht aan effectieve interactie.,
C0082,Caroline Stoutjesdijk,F,Utrecht,nl|en,7,stress|persoonlijk leiderschap,positive-psych,retail,0.5141,0.5022,0.2631,0.4906,0.2883,0.1809,0.7368,0.6627,5,2021-07-19,True,Caroline Stoutjesdijk coacht retail-professionals in Utrecht bij stressmanagement en persoonlijk leiderschap. Met 7 jaar ervaring werkt zij vanuit positieve psychologie aan weerbaarheid en groei.,
C0083,Ronald Blom,M,Flevoland,nl|en,10,communicatie,systemic|somatic,zorg,0.5125,0.8143,0.2031,0.5143,0.2199,0.8082,0.4572,0.7752,6,2013-09-26,True,Ronald Blom begeleidt zorgmedewerkers in Flevoland bij betere communicatie. Met 10 jaar ervaring werkt hij systeemgericht en somatisch aan verbeterde teamdynamiek en relaties.,
C0084,Evelien Mulder,F,Utrecht,nl|en,26,persoonlijk leiderschap|zelfonderzoek|stress,somatic|positive-psych,logistics|finance,0.2869,0.1442,0.6426,0.608,0.6829,0.4315,0.2345,0.4118,5,2021-04-22,True,"Evelien Mulder coacht in Utrecht op persoonlijk leiderschap, zelfonderzoek en stressmanagement in logistiek en finance. Met 26 jaar ervaring werkt zij somatisch en vanuit positieve psychologie aan duurzame transformatie.",
C0085,Petra de Jonghe,F,Gelderland,nl|en,27,persoonlijk leiderschap,transactional-analysis|solution-focused,zorg|finance|logistics,0.3984,0.2115,0.6279,0.625,0.6902,0.1292,0.5684,0.6397,8,2018-05-15,True,"Petra de Jonghe begeleidt professionals in Gelderland bij persoonlijk leiderschap in zorg, finance en logistiek. Met 27 jaar ervaring combineert zij transactionaalanalyse en oplossingsgericht coachen voor authentieke groei.",
C0086,Monique Segers,F,Zuid-Holland,nl|en,6,zelfonderzoek,somatic,public,0.3403,0.6505,0.437,0.2907,0.283,0.7572,0.4609,0.7362,4,2023-12-02,True,Monique Segers ondersteunt publieke sector-medewerkers in Zuid-Holland bij zelfonderzoek en persoonlijke inzichten. Met 6 jaar ervaring werkt zij somatisch aan dieper bewustzijn en professioneel doel.,
C0087,Pieter van den Berg,M,Flevoland,nl,9,communicatie|zelfonderzoek,positive-psych,retail|public|zorg,0.5051,0.0529,0.6254,0.6488,0.3978,0.1981,0.7172,0.4706,7,2022-02-03,True,"Pieter van den Berg is coach in Flevoland met negen jaar ervaring in communicatie en zelfonderzoek. Hij werkt vanuit positive psychologie met professionals in retail, public en zorg.",
C0088,Marcel Hendriksen,M,Noord-Brabant,nl|en,28,balans werk/prive|stress,systemic|cognitive,public|tech,0.3929,0.8335,0.2497,0.4465,0.3295,0.8104,0.5464,0.194,8,2019-03-09,True,Marcel Hendriksen coacht in Noord-Brabant en brengt 28 jaar ervaring mee op het gebied van werk-privébalans en stressmanagement. Hij hanteert systemische en cognitieve werkwijzen in public en tech.,
C0089,Gerrit Jansen,M,Noord-Brabant,nl,8,loopbaan,transactional-analysis,consultancy,0.8266,0.278,0.6793,0.5183,0.3777,0.7352,0.1373,0.3648,5,2016-06-12,True,Gerrit Jansen is loopbaancoach in Noord-Brabant met acht jaar praktijkervaring. Hij werkt vanuit transactionaalanalyse met professionals in de consultancy.,
C0090,Wouter de Vries,M,Friesland,nl|en,14,leiderschap|stress,systemic|transactional-analysis,retail|logistics,0.5194,0.4988,0.7667,0.754,0.2392,0.5534,0.9331,0.5526,7,2020-05-26,False,Wouter de Vries coacht in Friesland en specialiseert zich in leiderschap en stress met 14 jaar ervaring. Hij combineert systemische en transactionaalanalytische benaderingen voor retail en logistiek.,2025-12-31
C0091,Anita Moorman,F,Noord-Holland,nl|en,5,communicatie,ACT,consultancy,0.9081,0.474,0.8239,0.6897,0.5762,0.6133,0.5259,0.5873,4,2021-03-13,False,Anita Moorman is communicatiecoach in Noord-Holland met vijf jaar ervaring. Zij werkt vanuit ACT met consultancy-professionals.,2024-12-31
C0092,Erik Vermeulen,M,Zuid-Holland,nl,30,leiderschap|zelfvertrouwen,transactional-analysis|somatic,public|retail,0.6559,0.5094,0.793,0.9019,0.1782,0.3383,0.131,0.2772,5,2013-03-17,False,Erik Vermeulen coacht in Zuid-Holland en brengt 30 jaar ervaring in leiderschap en zelfvertrouwen. Hij werkt transactionaalanalytisch en somatisch in public en retail.,2024-12-31
C0093,Sylvia Bakker,F,Flevoland,nl|en,19,stress,cognitive|ACT,consultancy|tech,0.7587,0.4782,0.7149,0.5381,0.6069,0.4731,0.3218,0.8062,5,2018-12-17,False,Sylvia Bakker is stresscoach in Flevoland met 19 jaar ervaring. Zij combineert cognitieve en ACT-benaderingen voor consultancy en tech.,2024-12-31
C0094,Nathalie Koster,F,Limburg,nl|en,8,persoonlijk leiderschap|loopbaan|stress,ACT,tech,0.7755,0.4034,0.0769,0.9423,0.138,0.8158,0.6097,0.244,8,2017-05-30,True,"Nathalie Koster coacht in Limburg en specialiseert zich in persoonlijk leiderschap, loopbaan en stress met acht jaar ervaring. Zij werkt vanuit ACT in de tech-sector.",
C0095,Bert Schouten,M,Limburg,nl|en,18,zelfvertrouwen|stress,transactional-analysis|solution-focused,tech,0.3956,0.679,0.666,0.6781,0.5458,0.8097,0.7147,0.8917,4,2021-12-20,True,Bert Schouten is coach in Limburg met 18 jaar ervaring in zelfvertrouwen en stressmanagement. Hij hanteert transactionaalanalyse en oplossingsgericht werken voor tech-professionals.,
C0096,Miriam Claes,F,Noord-Holland,nl|en,6,persoonlijk leiderschap,somatic|positive-psych|solution-focused,tech,0.4233,0.4011,0.4607,0.5489,0.7408,0.8334,0.5514,0.7991,8,2022-11-21,False,"Miriam Claes coacht in Noord-Holland en specialiseert zich in persoonlijk leiderschap met zes jaar ervaring. Zij werkt somatisch, vanuit positive psychologie en oplossingsgericht met tech.",2024-12-31
C0097,Petra Gijsels,F,Noord-Holland,nl|en,8,balans werk/prive,ACT|somatic|systemic,tech,0.401,0.3968,0.4127,0.1792,0.3128,0.0925,0.2185,0.2654,8,2019-07-18,True,"Petra Gijsels is coach in Noord-Holland met acht jaar ervaring in werk-privébalans. Zij combineert ACT, somatische en systemische benaderingen voor tech-professionals.",
C0098,Diane Wintels,F,Noord-Brabant,nl|en,10,loopbaan|zelfonderzoek|leiderschap,transactional-analysis|systemic,finance|consultancy,0.1868,0.5609,0.189,0.3567,0.266,0.5782,0.2972,0.4409,8,2024-11-25,True,"Diane Wintels coacht in Noord-Brabant en specialiseert zich in loopbaan, zelfonderzoek en leiderschap met tien jaar ervaring. Zij werkt transactionaalanalytisch en systemisch in finance en consultancy.",
C0099,Ronald Dekker,M,Gelderland,nl|en,11,zelfonderzoek|communicatie,cognitive|ACT,tech|public|finance,0.378,0.4569,0.4762,0.3797,0.531,0.6362,0.5203,0.702,8,2023-08-08,True,"Ronald Dekker is coach in Gelderland met elf jaar ervaring in zelfonderzoek en communicatie. Hij hanteert cognitieve en ACT-benaderingen in tech, public en finance.",
C0100,Ingrid van Loon,F,Noord-Brabant,nl|en,9,zelfonderzoek,solution-focused,logistics,0.1979,0.521,0.2124,0.5742,0.7378,0.5804,0.4678,0.7728,4,2013-06-04,False,Ingrid van Loon coacht in Noord-Brabant en specialiseert zich in zelfonderzoek met negen jaar ervaring. Zij werkt oplossingsgericht in de logistiek.,2023-12-31
C0101,Jasper Nieuwenhuis,M,Noord-Holland,nl,8,stress|persoonlijk leiderschap|balans werk/prive,positive-psych|cognitive,retail|zorg|finance,0.6935,0.2944,0.2653,0.7235,0.6905,0.1753,0.5362,0.4205,8,2014-03-20,True,"Jasper Nieuwenhuis is coach in Noord-Holland met acht jaar ervaring in stress, persoonlijk leiderschap en werk-privébalans. Hij combineert positive psychologie en cognitieve benaderingen voor retail, zorg en finance.",
C0102,Liesbeth Strijbos,F,Noord-Holland,nl|en,9,stress,solution-focused|systemic,zorg|logistics,0.5797,0.8361,0.6718,0.5841,0.2602,0.4409,0.3438,0.1606,8,2020-08-20,True,Liesbeth Strijbos coacht in Noord-Holland en specialiseert zich in stressmanagement met negen jaar ervaring. Zij werkt oplossingsgericht en systemisch in zorg en logistiek.,
C0103,Margot Hendriks,F,Zuid-Holland,nl|en,18,persoonlijk leiderschap|zelfvertrouwen,systemic|solution-focused,finance|zorg,0.2319,0.6614,0.2751,0.3652,0.5394,0.288,0.8003,0.6677,8,2022-01-05,True,Margot Hendriks is coach in Zuid-Holland met 18 jaar ervaring in persoonlijk leiderschap en zelfvertrouwen. Zij hanteert systemische en oplossingsgericht werkwijzen in finance en zorg.,
C0104,Carla Brouwer,F,Overijssel,nl,11,stress,cognitive,public,0.4901,0.5903,0.0401,0.1711,0.3654,0.4768,0.4534,0.4459,5,2014-01-17,False,Carla Brouwer coacht in Overijssel en specialiseert zich in stressmanagement met elf jaar ervaring. Zij werkt cognitief in de public sector.,2025-12-31
C0105,Toon Willemsen,M,Limburg,nl|en,18,loopbaan,cognitive|transactional-analysis,zorg,0.5803,0.1983,0.5731,0.2194,0.4529,0.318,0.8829,0.6372,7,2023-07-01,False,Toon Willemsen is loopbaancoach in Limburg met 18 jaar ervaring. Hij combineert cognitieve en transactionaalanalytische benaderingen voor zorg-professionals.,2023-12-31
C0106,Sonja Pelletier,F,Zeeland,nl,15,loopbaan,ACT|solution-focused,retail|zorg,0.4504,0.7307,0.7494,0.8341,0.5619,0.6878,0.6004,0.8522,7,2014-10-19,True,Sonja Pelletier coacht in Zeeland en specialiseert zich in loopbaan met 15 jaar ervaring. Zij werkt vanuit ACT en oplossingsgericht in retail en zorg.,
C0107,Marina Hendrikx,F,Groningen,nl|en,8,stress|persoonlijk leiderschap,systemic,public,0.3766,0.5519,0.4828,0.5995,0.3091,0.783,0.26,0.3597,8,2015-05-16,True,"Marina Hendrikx coacht in Groningen professionals die worstelen met stress en hun persoonlijk leiderschap willen versterken. Met acht jaar ervaring werkt zij vanuit een systemisch perspectief, vooral in de publieke sector.",
C0108,Petra Vandermeulen,F,Utrecht,nl,12,zelfvertrouwen|emotieregulatie|leiderschap,cognitive,public|retail|logistics,0.1499,0.4569,0.8328,0.3045,0.6337,0.676,0.9535,0.4368,8,2016-02-10,True,"Petra Vandermeulen begeleidt in Utrecht mensen die aan zelfvertrouwen, emotieregulatie en leiderschap willen werken. Zij brengt twaalf jaar ervaring mee en hanteert cognitieve methoden in publieke organisaties, retail en logistiek.",
C0109,Saskia Borghs,F,Noord-Holland,nl|en,11,zelfonderzoek,systemic|ACT|transactional-analysis,finance,0.799,0.7482,0.4211,0.5131,0.4094,0.2168,0.4749,0.536,8,2020-10-26,True,"Saskia Borghs werkt in Noord-Holland met professionals in de financiële sector die zichzelf beter willen begrijpen. Met elf jaar praktijk combineert zij systemische, ACT- en transactionele analysebenadering.",
C0110,Jeroen Kuipers,M,Drenthe,nl|en,18,zelfvertrouwen|communicatie|emotieregulatie,cognitive|somatic,logistics,0.2231,0.4738,0.4102,0.4715,0.245,0.3167,0.7898,0.4936,5,2015-06-23,True,"Jeroen Kuipers ondersteunt in Drenthe logistieke professionals in hun zelfvertrouwen, communicatie en emotiehantering. Hij beschikt over achttien jaar ervaring en werkt met cognitieve en somatische methoden.",
C0111,Marlies Hendriksen,F,Noord-Holland,nl|en,11,stress|assertiviteit,somatic|systemic|positive-psych,retail,0.4643,0.4489,0.2873,0.3122,0.0463,0.5719,0.7249,0.8167,7,2019-01-28,True,"Marlies Hendriksen begeleidt sinds 11 jaar retail-medewerkers in Noord-Holland bij het omgaan met stress en het ontwikkelen van assertiviteit. Zij combineert somatische, systemische en positief-psychologische benaderingen.",
C0112,Birgit Scholten,F,Zuid-Holland,nl,25,persoonlijk leiderschap|assertiviteit,solution-focused|systemic,logistics,0.423,0.3175,0.7843,0.7365,0.4575,0.5581,0.2854,0.1175,7,2014-09-16,True,Birgit Scholten ondersteunt in Zuid-Holland logistieke professionals in persoonlijk leiderschap en assertiviteit. Met vijfentwintig jaar ervaring werkt zij solution-focused en systemisch.,
C0113,Liselotte Daniels,F,Noord-Brabant,nl|en,14,stress,transactional-analysis,logistics|tech,0.825,0.727,0.6357,0.4196,0.4736,0.7723,0.5595,0.2165,8,2022-01-26,True,Liselotte Daniels begeleidt in Noord-Brabant professionals in logistiek en tech die met stress omgaan. Zij brengt veertien jaar ervaring mee en hanteert transactionele analyse.,
C0114,Yvonne Geerts,F,Noord-Holland,nl|en,5,leiderschap|persoonlijk leiderschap|zelfonderzoek,positive-psych|somatic,finance|tech,0.7366,0.5316,0.5847,0.6713,0.5242,0.4039,0.5341,0.8496,8,2014-12-16,True,Yvonne Geerts coacht in Noord-Holland professionals in finance en tech rond leiderschap en zelfonderzoek. Met vijf jaar ervaring werkt zij vanuit positief-psychologische en somatische benaderingen.,
C0115,Michiel Bakker,M,Zuid-Holland,nl|en,11,zelfonderzoek,solution-focused|positive-psych|transactional-analysis,tech|finance|retail,0.3026,0.6734,0.5206,0.2788,0.8165,0.4528,0.2617,0.7899,4,2025-04-18,True,"Michiel Bakker begeleidt in Zuid-Holland professionals in tech, finance en retail die zichzelf beter willen begrijpen. Hij combineert elf jaar praktijk met solution-focused, positief-psychologische en transactionele analysemethoden.",
C0116,Bart Lemmens,M,Noord-Holland,nl,20,stress|persoonlijk leiderschap|communicatie,systemic|ACT,retail|consultancy,0.3381,0.8135,0.2664,0.4117,0.7696,0.7445,0.416,0.1799,7,2017-07-02,True,"Bart Lemmens ondersteunt in Noord-Holland retail- en consultancyprofessionals in stresshantering, persoonlijk leiderschap en communicatie. Met twintig jaar ervaring werkt hij systemisch en met ACT.",
C0117,Wouter Jacobs,M,Gelderland,nl|en,10,leiderschap,somatic|ACT|transactional-analysis,logistics,0.6882,0.9682,0.3304,0.6546,0.5258,0.6113,0.4953,0.5121,7,2015-02-16,True,"Wouter Jacobs coacht in Gelderland logistieke professionals in hun leiderschap. Hij brengt tien jaar ervaring mee en hanteert somatische, ACT- en transactionele analysebenadering.",
C0118,Roel Simonis,M,Utrecht,nl,8,stress|persoonlijk leiderschap,cognitive,consultancy,0.7228,0.7566,0.7096,0.2732,0.2111,0.6161,0.7916,0.3979,8,2025-10-02,True,Roel Simonis begeleidt in Utrecht consultancyprofessionals die stress willen aanpakken en persoonlijk leiderschap willen ontwikkelen. Met acht jaar ervaring werkt hij cognitief.,
C0119,Daphne Polak,F,Zuid-Holland,nl|en,4,zelfonderzoek|leiderschap|communicatie,solution-focused|somatic|systemic,finance,0.9415,0.2664,0.3258,0.4275,0.6288,0.4465,0.7907,0.4381,8,2014-07-17,False,"Daphne Polak coacht in Zuid-Holland financiële professionals in zelfonderzoek, leiderschap en communicatie. Zij brengt vier jaar ervaring mee en combineert solution-focused, somatische en systemische benaderingen.",2025-12-31
C0120,Riëlle van den Berg,F,Utrecht,nl|en,5,persoonlijk leiderschap,transactional-analysis|positive-psych|solution-focused,tech|finance|logistics,0.1042,0.1184,0.354,0.4237,0.7474,0.1196,0.3377,0.57,4,2014-04-02,True,"Riëlle van den Berg ondersteunt in Utrecht professionals in tech, finance en logistiek in hun persoonlijk leiderschap. Met vijf jaar ervaring werkt zij transactioneel-analytisch, positief-psychologisch en solution-focused.",
